R_NanoG0133	R08558
R_NanoG0294	R08935
R_NanoG0353	R03544
R_NanoG0354	R03545
R_NanoG0132	R08557
R_NanoG0183	R02611
R_NanoG0232	R04880
R_NanoG0237	R04304
R_NanoG0398	R05685
R_NanoG0439	R00754
R_NanoG0440	R00754
R_NanoG0441	R00754
R_NanoG0530	R02377
R_NanoG0688	R04533
R_NanoG0689	R04533
R_NanoG0690	R04953
R_NanoG0691	R04953
R_NanoG0692	R04536
R_NanoG0693	R04536
R_NanoG0694	R04534
R_NanoG0695	R04534
R_NanoG0696	R04964
R_NanoG0697	R04964
R_NanoG0698	R04566
R_NanoG0792	R04566
R_NanoG0793	R07763
R_NanoG0794	R07763
R_NanoG1312	R02124
R_NanoG0299	R02777
R_NanoG1157	R03325
R_NanoG1247	R02472
R_NanoG0358	R00758
R_NanoG1113	R07494
R_NanoG0254	R04203
R_NanoG0295	R01183
R_NanoG0296	R01183
R_NanoG0297	R01183
R_NanoG0509	R01481
R_NanoG0510	R01481
R_NanoG1320	R03458
R_NanoG0216	R02680
R_NanoG0443	R00746
R_NanoG1518	R01130
R_NanoG1519	R01130
R_NanoG0303	R02832
R_NanoG0503	R01759
R_NanoG0504	R01759
R_NanoG1422	R03264
R_NanoG0507	R00286
R_NanoG0149	R01163
R_NanoG0150	R03012
R_NanoG0306	R02832
R_NanoG1156	R01836
R_NanoG0201	R01872
R_NanoG0363	R07135
R_NanoG0364	R07135
R_NanoG0397	R00703
R_NanoG0372	R05692
R_NanoG0545	R00704
R_NanoG0200	R06846
R_NanoG0204	R02413
R_NanoG0595	R07140
R_NanoG0116	R01775
R_NanoG0117	R01775
R_NanoG0118	R01775
R_NanoG0352	R01361
R_NanoG1313	R08379
R_NanoG0277	R05066
R_NanoG0278	R05066
R_NanoG0632	R04743
R_NanoG0809	R01975
R_NanoG0810	R01975
R_NanoG0831	R01778
R_NanoG0832	R04748
R_NanoG0880	R04745
R_NanoG0881	R04741
R_NanoG0882	R04739
R_NanoG0883	R04737
R_NanoG0461	R01977
R_NanoG0462	R01977
R_NanoG0820	R01779
R_NanoG0821	R01779
R_NanoG0578	R00342
R_NanoG0542	R00216
R_NanoG0547	R00214
R_NanoG0585	R00267
R_NanoG0586	R00267
R_NanoG0525	R01528
R_NanoG0526	R01528
R_NanoG0522	R02736
R_NanoG0452	R01747
R_NanoG1158	R02353
R_NanoG0359	R00868
R_NanoG0537	R03080
R_NanoG0458	R00465
R_NanoG1034	R00842
R_NanoG0546	R00343
R_NanoG1708	R00343
R_NanoG0270	R04426
R_NanoG0262	R04439
R_NanoG0499	R01896
R_NanoG1035	R00842
R_NanoG0127	R01513
R_NanoG0456	R00475
R_NanoG0336	R10053
R_NanoG0343	R03184
R_NanoG0123	R01025
R_NanoG0459	R00476
R_NanoG0351	R03534
R_NanoG0607	R02161
R_NanoG1616	R00058
R_NanoG1617	R00058
R_NanoG0233	R00045
R_NanoG0234	R00031
R_NanoG0347	R00644
R_NanoG0348	R00644
R_NanoG0349	R00644
R_NanoG0219	R00009
R_NanoG1377	R00274
R_NanoG1378	R00274
R_NanoG1585	R00019
R_NanoG1395	R02467
R_NanoG1396	R02467
R_NanoG0090	R00893
R_NanoG0184	R01372
R_NanoG1349	R02521
R_NanoG0241	R02519
R_NanoG1410	R06952
R_NanoG1411	R06953
R_NanoG0220	R00678
R_NanoG1690	R07364
R_NanoG0040	R01252
R_NanoG0179	R02397
R_NanoG1394	R05320
R_NanoG1594	R05725
R_NanoG1405	R07850
R_NanoG1619	R00818
R_NanoG1281	R08203
R_NanoG1282	R08204
R_NanoG1102	R02874
R_NanoG0042	R00558
R_NanoG0043	R00111
R_NanoG0044	R00557
R_NanoG1614	R00815
R_NanoG1615	R00815
R_NanoG1101	R05640
R_NanoG1121	R05731
R_NanoG1122	R05731x
R_NanoG1112	R07509
R_NanoG0222	R01960
R_NanoG1415	R07199
R_NanoG1416	R07200
R_NanoG1160	R01840
R_NanoG1161	R01840
R_NanoG1162	R04759
R_NanoG1163	R04759
R_NanoG1164	R02351
R_NanoG1165	R02351
R_NanoG1166	R02501
R_NanoG1167	R02501
R_NanoG1168	R04761
R_NanoG1169	R04761
R_NanoG1170	R03087
R_NanoG1171	R03087
R_NanoG0138	R05739
R_NanoG1088	R07063
R_NanoG1665	R07063
R_NanoG0659	R02222
R_NanoG0728	R03370
R_NanoG0755	R08161
R_NanoG1108	R07215
R_NanoG0661	R03814
R_NanoG1272	R00311
R_NanoG1316	R00032
R_NanoG1284	R00078
R_NanoG1452	R02103
R_NanoG1503	R01768
R_NanoG1504	R02107
R_NanoG1468	R02019
R_NanoG1494	R02017
R_NanoG1561	R02024
R_NanoG1562	R02018
R_NanoG1428	R08689
R_NanoG1431	R05884
R_NanoG1432	R07219
R_NanoG0618	R01195
R_NanoG0188	R00228
R_NanoG0129	R02291
R_NanoG0436	R01061
R_NanoG0437	R01061
R_NanoG0438	R01061
R_NanoG0540	R01446
R_NanoG0539	R01735
R_NanoG0020	R00713
R_NanoG0060	R05050
R_NanoG0061	R05050
R_NanoG0159	R04065
R_NanoG0160	R04065
R_NanoG0228	R04903
R_NanoG0229	R04903
R_NanoG0230	R02678
R_NanoG0231	R02678
R_NanoG0245	R04882
R_NanoG0246	R04882
R_NanoG0247	R04891
R_NanoG0248	R04891
R_NanoG0249	R03300
R_NanoG0250	R03300
R_NanoG0444	R00710
R_NanoG0445	R00710
R_NanoG0171	R03103
R_NanoG1314	R02123
R_NanoG1315	R02123
R_NanoG0030	R03443
R_NanoG0448	R00711
R_NanoG0449	R00711
R_NanoG0053	R03313
R_NanoG0596	R00604
R_NanoG0592	R01063
R_NanoG0593	R01063
R_NanoG1289	R04109
R_NanoG0064	R05049
R_NanoG0021	R00714
R_NanoG0119	R02565
R_NanoG0025	R00707
R_NanoG0422	R01058
R_NanoG0419	R07618
R_NanoG0420	R07618
R_NanoG0421	R07618
R_NanoG0887	R01752
R_NanoG0888	R01752
R_NanoG1117	R02872
R_NanoG0197	R01728
R_NanoG0195	R01730
R_NanoG1110	R01456
R_NanoG1111	R03724
R_NanoG0308	R01505
R_NanoG1259	R06286
R_NanoG1279	R03845
R_NanoG0869	R06985
R_NanoG0870	R03776
R_NanoG0871	R04753
R_NanoG0872	R03856
R_NanoG0873	R03989
R_NanoG0874	R01278
R_NanoG0685	R01404
R_NanoG0686	R01404
R_NanoG0747	R04956
R_NanoG0748	R04959
R_NanoG0749	R04725
R_NanoG0751	R04956
R_NanoG0752	R04959
R_NanoG0753	R04725
R_NanoG0194	R00732
R_NanoG1105	R03689
R_NanoG1106	R01457
R_NanoG1107	R05703
R_NanoG1294	R06896
R_NanoG1260	R03947
R_NanoG1424	R02063
R_NanoG0729	R04955
R_NanoG0730	R04955
R_NanoG0731	R04958
R_NanoG0732	R04958
R_NanoG0733	R04724
R_NanoG0734	R04724
R_NanoG0735	R07765
R_NanoG0736	R04429
R_NanoG0737	R04429
R_NanoG0750	R04961
R_NanoG0754	R04961
R_NanoG0656	R07761
R_NanoG0334	R03192
R_NanoG0335	R03192
R_NanoG0341	R00640
R_NanoG1293	R03220
R_NanoG1283	R03222
R_NanoG0579	R02164
R_NanoG1403	R07511
R_NanoG1288	R05818
R_NanoG1275	R05819
R_NanoG1568	R01867
R_NanoG1414	R09692
R_NanoG1297	R06895
R_NanoG1317	R07163
R_NanoG0013	R00114
R_NanoG0022	R00093
R_NanoG1221	R00481
R_NanoG1222	R00481
R_NanoG0142	R00366
R_NanoG0143	R02529
R_NanoG0185	R02613
R_NanoG0307	R06740
R_NanoG1364	R00278
R_NanoG1369	R00277
R_NanoG0007	R00021
R_NanoG0168	R02315
R_NanoG0057	R01251
R_NanoG0058	R01251
R_NanoG1237	R07168
R_NanoG1238	R07168
R_NanoG0176	R02201
R_NanoG1231	R00939
R_NanoG1239	R01220
R_NanoG1240	R01220
R_NanoG0174	R00715
R_NanoG0177	R00716
R_NanoG1589	R04433
R_NanoG1228	R00112
R_NanoG1229	R00112
R_NanoG1212	R00112
R_NanoG0332	R00100
R_NanoG0333	R00100
R_NanoG0612	R00281
R_NanoG0602	R00794
R_NanoG1490	R02106
R_NanoG0605	R00790
R_NanoG0599	R00143
R_NanoG1382	R00115
R_NanoG1383	R00115
R_NanoG1384	R00115
R_NanoG1575	R02016
R_NanoG1576	R02016
R_NanoG0629	R00533
R_NanoG0630	R00533
R_NanoG0626	R07606
R_NanoG0628	R02021
R_NanoG0350	R01108
R_NanoG0624	R00859
R_NanoG0087	R00650
R_NanoG1226	R01269
R_NanoG1227	R01269
R_NanoG1037	R02037
R_NanoG1038	R06868
R_NanoG1039	R06869
R_NanoG1295	R03194
R_NanoG1276	R04237
R_NanoG1346	R04711
R_NanoG0077	R00946
R_NanoG1291	R05181
R_NanoG0065	R04405
R_NanoG1389	R09365
R_NanoG1292	R05810
R_NanoG0221	R03130
R_NanoG1114	R04427
R_NanoG1115	R07481
R_NanoG0305	R01153
R_NanoG1031	R03424
R_NanoG1344	R07504
R_NanoG1345	R07236
R_NanoG0111	R00945
R_NanoG1250	R01226
R_NanoG1251	R01226
R_NanoG1461	R04325
R_NanoG1462	R04325
R_NanoG1463	R04325
R_NanoG1445	R04560
R_NanoG0529	R00930
R_NanoG1577	R01397
R_NanoG1578	R01397
R_NanoG0032	R01398
R_NanoG0515	R01067
R_NanoG0516	R01067
R_NanoG0517	R01641
R_NanoG0518	R01641
R_NanoG0511	R01827
R_NanoG0597	R01440
R_NanoG1338	R05636
R_NanoG1353	R08165
R_NanoG1354	R08165
R_NanoG0046	R00259
R_NanoG0984	R00851
R_NanoG0985	R00851
R_NanoG0986	R00851
R_NanoG0987	R00851
R_NanoG0988	R00851
R_NanoG0989	R00851
R_NanoG0990	R00851
R_NanoG0991	R00851
R_NanoG0992	R00851
R_NanoG0993	R00851
R_NanoG0994	R00851
R_NanoG0995	R00851
R_NanoG0996	R00851
R_NanoG0997	R00851
R_NanoG0998	R00851
R_NanoG0999	R00851
R_NanoG1000	R00851
R_NanoG1001	R00851
R_NanoG1002	R00851
R_NanoG1003	R09380
R_NanoG1004	R09380
R_NanoG1005	R09380
R_NanoG1006	R09380
R_NanoG1007	R09380
R_NanoG1008	R09380
R_NanoG1009	R09380
R_NanoG1010	R09380
R_NanoG1011	R09380
R_NanoG1012	R09380
R_NanoG0631	R03778
R_NanoG0826	R01177
R_NanoG0827	R01177
R_NanoG0828	R01177
R_NanoG0829	R03778
R_NanoG0830	R03778
R_NanoG0865	R04747
R_NanoG0866	R04742
R_NanoG0867	R03858
R_NanoG0868	R03991
R_NanoG0918	R07899
R_NanoG0108	R00371
R_NanoG0099	R00586
R_NanoG0100	R01776
R_NanoG0045	R02282
R_NanoG0703	R01626
R_NanoG0704	R01626
R_NanoG0705	R01626
R_NanoG0657	R04960
R_NanoG0658	R04960
R_NanoG0756	R04726
R_NanoG0757	R04726
R_NanoG0766	R04957
R_NanoG0767	R04957
R_NanoG0768	R04963
R_NanoG0769	R04963
R_NanoG0784	R04355
R_NanoG0785	R04355
R_NanoG0786	R04952
R_NanoG0787	R04952
R_NanoG0791	R04968
R_NanoG1194	R03210
R_NanoG1195	R03210
R_NanoG1095	R01281
R_NanoG0911	R09381
R_NanoG0912	R09381
R_NanoG0913	R09381
R_NanoG0914	R09381
R_NanoG0949	R02241
R_NanoG0950	R02241
R_NanoG0951	R02241
R_NanoG0952	R02241
R_NanoG0953	R02241
R_NanoG0954	R02241
R_NanoG0955	R02241
R_NanoG0956	R02241
R_NanoG0957	R02241
R_NanoG0958	R02241
R_NanoG0467	R02570
R_NanoG0811	R00238
R_NanoG0885	R00927
R_NanoG0886	R00927
R_NanoG1175	R00927
R_NanoG1176	R00927
R_NanoG0584	R00351
R_NanoG0265	R01978
R_NanoG0279	R01213
R_NanoG0582	R00352
R_NanoG0548	R00472
R_NanoG0549	R00472
R_NanoG0550	R00472
R_NanoG0923	R06867
R_NanoG0924	R06867
R_NanoG0925	R06867
R_NanoG0926	R06867
R_NanoG0927	R06867
R_NanoG0928	R06867
R_NanoG1620	R06867
R_NanoG0639	R01005
R_NanoG0884	R00853
R_NanoG0569	R02737
R_NanoG1692	R04472
R_NanoG1693	R04472
R_NanoG1694	R04472
R_NanoG1695	R04472
R_NanoG1696	R04472
R_NanoG1697	R04472
R_NanoG1698	R04472
R_NanoG1699	R04472
R_NanoG1700	R04472
R_NanoG1701	R04472
R_NanoG1702	R04472
R_NanoG1703	R04472
R_NanoG1704	R04472
R_NanoG1705	R04472
R_NanoG1610	R07265
R_NanoG0960	R04469
R_NanoG0961	R04469
R_NanoG0962	R04469
R_NanoG0963	R04469
R_NanoG0964	R04469
R_NanoG0965	R04469
R_NanoG0966	R04469
R_NanoG0967	R04469
R_NanoG0968	R04469
R_NanoG0969	R04469
R_NanoG0970	R04469
R_NanoG0971	R04469
R_NanoG1628	R04469
R_NanoG1629	R04469
R_NanoG0561	R10525
R_NanoG0559	R03118
R_NanoG0972	R02691
R_NanoG0973	R02691
R_NanoG0974	R02691
R_NanoG0975	R02691
R_NanoG0976	R02691
R_NanoG0977	R02691
R_NanoG0978	R02691
R_NanoG0979	R02691
R_NanoG0980	R02691
R_NanoG0981	R02691
R_NanoG0982	R02691
R_NanoG0983	R02691
R_NanoG1630	R02691
R_NanoG1631	R02691
R_NanoG0637	R01009
R_NanoG0153	R04558
R_NanoG1453	R01561
R_NanoG1454	R02557
R_NanoG1455	R01969
R_NanoG1456	R02748
R_NanoG1457	R01863
R_NanoG1458	R02147
R_NanoG1506	R02297
R_NanoG1715	R02484
R_NanoG1540	R01870
R_NanoG1472	R01072
R_NanoG1473	R01072
R_NanoG0151	R01071
R_NanoG0205	R01073
R_NanoG1216	R03348
R_NanoG1322	R04148
R_NanoG1507	R02142
R_NanoG1538	R01876
R_NanoG1500	R00190
R_NanoG1450	R01229
R_NanoG1451	R01132
R_NanoG1564	R00966
R_NanoG1280	R07411
R_NanoG1438	R01658
R_NanoG1439	R01658
R_NanoG1436	R02003
R_NanoG1437	R02003
R_NanoG1116	R00702
R_NanoG1203	R03067
R_NanoG0084	R01920
R_NanoG1305	R07268
R_NanoG1306	R07268
R_NanoG1307	R01492
R_NanoG1308	R01492
R_NanoG0193	R03460
R_NanoG1429	R02061
R_NanoG1340	R03223
R_NanoG1433	R06447
R_NanoG1418	R02065
R_NanoG1419	R02065
R_NanoG1355	R05615
R_NanoG1356	R05615
R_NanoG1357	R05616
R_NanoG1358	R05616
R_NanoG1033	R04158
R_NanoG1583	R05329
R_NanoG1600	R07477
R_NanoG0066	R03132
R_NanoG0086	R00897
R_NanoG0104	R03217
R_NanoG0105	R03217
R_NanoG0106	R02508
R_NanoG0107	R02508
R_NanoG0078	R00651
R_NanoG0098	R01287
R_NanoG0211	R01826
R_NanoG0088	R00177
R_NanoG1273	R00084
R_NanoG1296	R06284
R_NanoG0323	R00660
R_NanoG1325	R04457
R_NanoG1326	R04457
R_NanoG1321	R00066
R_NanoG0002	R00355
R_NanoG0003	R00355
R_NanoG0004	R00355
R_NanoG0067	R02433
R_NanoG0068	R02433
R_NanoG0186	R00694
R_NanoG0187	R00694
R_NanoG0033	R02283
R_NanoG0034	R02283
R_NanoG0049	R00667
R_NanoG0005	R00576
R_NanoG0024	R00768
R_NanoG0167	R04475
R_NanoG0026	R00258
R_NanoG0027	R00258
R_NanoG1376	R01148
R_NanoG0128	R00372
R_NanoG0251	R01090
R_NanoG0257	R02199
R_NanoG0258	R02199
R_NanoG0280	R01214
R_NanoG0281	R01214
R_NanoG0282	R01214
R_NanoG0018	R00369
R_NanoG0019	R00369
R_NanoG1350	R00734
R_NanoG1351	R00734
R_NanoG1352	R00734
R_NanoG1691	R07396
R_NanoG0113	R04173
R_NanoG1363	R05085
R_NanoG0180	R00692
R_NanoG0239	R09254
R_NanoG0212	R01956
R_NanoG0213	R04171
R_NanoG0189	R01731
R_NanoG0190	R07276
R_NanoG0166	R07613
R_NanoG1206	R01716
R_NanoG0144	R03243
R_NanoG0145	R03243
R_NanoG0092	R04143
R_NanoG0371	R02732
R_NanoG0940	R02240
R_NanoG0941	R02240
R_NanoG0942	R02240
R_NanoG0943	R02240
R_NanoG0944	R02240
R_NanoG0945	R02240
R_NanoG0946	R02240
R_NanoG0947	R02240
R_NanoG0948	R02240
R_NanoG1688	R02240
R_NanoG0640	R01018
R_NanoG0447	R04779
R_NanoG0481	R03433
R_NanoG0477	R03479
R_NanoG1434	R05634
R_NanoG0468	R03394x
R_NanoG0483	R05800
R_NanoG0484	R05801
R_NanoG0485	R10065
R_NanoG0487	R05202
R_NanoG0476	R03428
R_NanoG0508	R01639
R_NanoG0588	R01523
R_NanoG0423	R01600
R_NanoG1706	R01600
R_NanoG1526	R00185
R_NanoG1527	R00185
R_NanoG1223	R00104
R_NanoG1224	R00104
R_NanoG1225	R00104
R_NanoG1246	R00130
R_NanoG1522	R00509
R_NanoG1523	R00509
R_NanoG1524	R00509
R_NanoG1329	R00549
R_NanoG1330	R00549
R_NanoG0915	R01011
R_NanoG0921	R00847
R_NanoG0134	R01514
R_NanoG1082	R01021
R_NanoG1083	R01021
R_NanoG1248	R03018
R_NanoG1249	R03018
R_NanoG1367	R02493
R_NanoG1368	R00174
R_NanoG0130	R01771
R_NanoG0375	R00760
R_NanoG0424	R00200
R_NanoG0425	R00200
R_NanoG0426	R00200
R_NanoG0427	R00200
R_NanoG0428	R00200
R_NanoG0429	R00200
R_NanoG0430	R00200
R_NanoG0431	R00200
R_NanoG0432	R00200
R_NanoG0433	R00200
R_NanoG0434	R00200
R_NanoG0435	R00200
R_NanoG1565	R00964
R_NanoG1566	R00968
R_NanoG0373	R03161
R_NanoG0393	R01092
R_NanoG0394	R01092
R_NanoG0203	R02412
R_NanoG1040	R01468
R_NanoG0360	R02073
R_NanoG1092	R01926
R_NanoG1093	R02976
R_NanoG0041	R00239
R_NanoG0411	R01512
R_NanoG0412	R01512
R_NanoG0413	R01512
R_NanoG0122	R00480
R_NanoG0035	R02649
R_NanoG1446	R00333
R_NanoG1542	R00158
R_NanoG1543	R01665
R_NanoG1481	R00127
R_NanoG1512	R01137
R_NanoG1513	R01137
R_NanoG1514	R01857
R_NanoG1515	R01857
R_NanoG1516	R00330
R_NanoG1517	R00330
R_NanoG1545	R02331
R_NanoG1546	R02331
R_NanoG1552	R00570
R_NanoG1553	R00570
R_NanoG1569	R02326
R_NanoG1570	R02326
R_NanoG1571	R02093
R_NanoG1572	R02093
R_NanoG1573	R00156
R_NanoG1574	R00156
R_NanoG1448	R00332
R_NanoG1544	R02094
R_NanoG0527	R01049
R_NanoG0528	R01049
R_NanoG1339	R00619
R_NanoG1202	R03503
R_NanoG1495	R00429
R_NanoG0312	R01471
R_NanoG1029	R02038
R_NanoG1036	R01890
R_NanoG1209	R03005
R_NanoG1327	R00161
R_NanoG1328	R00161
R_NanoG0326	R00416
R_NanoG1241	R03035
R_NanoG1242	R03035
R_NanoG0366	R01951
R_NanoG1388	R04929
R_NanoG1482	R00529
R_NanoG0929	R01799
R_NanoG0930	R01799
R_NanoG0931	R01799
R_NanoG0932	R01799
R_NanoG0933	R01799
R_NanoG0934	R01799
R_NanoG0935	R01799
R_NanoG0936	R01799
R_NanoG0937	R01799
R_NanoG0938	R01799
R_NanoG0939	R01799
R_NanoG1625	R01799
R_NanoG1626	R01799
R_NanoG1627	R01799
R_NanoG1684	R01799
R_NanoG1685	R01799
R_NanoG1686	R01799
R_NanoG1687	R01799
R_NanoG0497	R01381
R_NanoG0625	R00530
R_NanoG1459	R00126
R_NanoG1423	R05633
R_NanoG0345	R07678
R_NanoG0506	R00289
R_NanoG0489	R01802
R_NanoG0490	R01802
R_NanoG1644	R01802
R_NanoG1645	R01802
R_NanoG1646	R01802
R_NanoG1647	R01802
R_NanoG1648	R01802
R_NanoG1649	R01802
R_NanoG0641	R05630
R_NanoG0642	R05629
R_NanoG0643	R05629
R_NanoG0638	R01007
R_NanoG1054	R01321
R_NanoG1055	R01321
R_NanoG1056	R01321
R_NanoG1057	R01321
R_NanoG1058	R01321
R_NanoG1059	R01321
R_NanoG1632	R01321
R_NanoG1385	R05165
R_NanoG1386	R08868
R_NanoG1387	R08869
R_NanoG1071	R01801
R_NanoG1072	R01801
R_NanoG1073	R01801
R_NanoG1074	R01801
R_NanoG1075	R01801
R_NanoG1076	R01801
R_NanoG1077	R01801
R_NanoG1078	R01801
R_NanoG1079	R01801
R_NanoG1080	R01801
R_NanoG1081	R01801
R_NanoG1622	R01801
R_NanoG1623	R01801
R_NanoG1624	R01801
R_NanoG1676	R01801
R_NanoG1677	R01801
R_NanoG1678	R01801
R_NanoG1679	R01801
R_NanoG0544	R00206
R_NanoG0627	R01931
R_NanoG0255	R00410
R_NanoG0594	R04541
R_NanoG0346	R02933
R_NanoG0524	R01519
R_NanoG0523	R02035
R_NanoG1024	R02053
R_NanoG1025	R02053
R_NanoG1026	R02053
R_NanoG1027	R02053
R_NanoG1639	R02053
R_NanoG1640	R02053
R_NanoG1641	R02053
R_NanoG1642	R02053
R_NanoG1643	R02053
R_NanoG1030	R01026
R_NanoG0553	R00227
R_NanoG0598	R00527
R_NanoG0804	R08159
R_NanoG0805	R08159
R_NanoG0715	R08158
R_NanoG0716	R04014
R_NanoG0717	R08157
R_NanoG0795	R08163
R_NanoG0796	R08163
R_NanoG0797	R01706
R_NanoG0798	R01706
R_NanoG0660	R08174
R_NanoG0662	R08182
R_NanoG0665	R08179
R_NanoG0825	R01274
R_NanoG0535	R05064
R_NanoG0536	R05064
R_NanoG0551	R01736
R_NanoG0552	R01736
R_NanoG1337	R02135
R_NanoG0442	R04780
R_NanoG0591	R04780
R_NanoG0570	R02778
R_NanoG0463	R01334
R_NanoG0464	R01334
R_NanoG0491	R01186
R_NanoG0492	R01186
R_NanoG0493	R01186
R_NanoG0494	R01185
R_NanoG0495	R01185
R_NanoG0496	R01185
R_NanoG0136	R00582
R_NanoG0587	R01845
R_NanoG0370	R00763
R_NanoG1217	R02323
R_NanoG1483	R00183
R_NanoG1484	R01126
R_NanoG1485	R01227
R_NanoG1486	R02719
R_NanoG1714	R02088
R_NanoG1716	R02102
R_NanoG0478	R03394
R_NanoG0479	R03430x
R_NanoG0474	R03393
R_NanoG0475	R03427
R_NanoG0094	R07395
R_NanoG0097	R07394
R_NanoG0344	R07674
R_NanoG1496	R00336
R_NanoG0324	R05775
R_NanoG0564	R00026
R_NanoG0565	R00026
R_NanoG0568	R06103
R_NanoG0320	R00022
R_NanoG0081	R01401
R_NanoG0080	R00194
R_NanoG0101	R00192
R_NanoG0309	R03037
R_NanoG0652	R03057
R_NanoG0014	R00485
R_NanoG0047	R09107
R_NanoG0048	R00669
R_NanoG1210	R01268
R_NanoG1211	R01268
R_NanoG0012	R00256
R_NanoG0085	R00653
R_NanoG0054	R03180
R_NanoG0055	R03180
R_NanoG0056	R03180
R_NanoG0225	R03096
R_NanoG0226	R03096
R_NanoG0227	R03096
R_NanoG0325	R02333
R_NanoG1584	R07300
R_NanoG1532	R00131
R_NanoG1533	R00131
R_NanoG0455	R01959
R_NanoG1501	R06601
R_NanoG1539	R01993
R_NanoG1379	R00251
R_NanoG0059	R00551
R_NanoG0039	R01416
R_NanoG0137	R01566
R_NanoG1493	R02422
R_NanoG1567	R00974
R_NanoG1444	R01127
R_NanoG1541	R01663
R_NanoG0154	R04037
R_NanoG0155	R04037
R_NanoG1333	R00425
R_NanoG1334	R00425
R_NanoG1323	R03459
R_NanoG1324	R03459
R_NanoG1489	R01676
R_NanoG1499	R01560
R_NanoG1713	R02556
R_NanoG1560	R01878
R_NanoG1718	R02485
R_NanoG1491	R00181
R_NanoG1233	R01655
R_NanoG0534	R00997
R_NanoG1498	R01054
R_NanoG1554	R00159
R_NanoG1555	R00569
R_NanoG1556	R00569
R_NanoG1447	R01232
R_NanoG1220	R00103
R_NanoG1557	R02100
R_NanoG1066	R01797
R_NanoG1067	R01797
R_NanoG1068	R01797
R_NanoG1069	R01797
R_NanoG1070	R01797
R_NanoG1650	R01797
R_NanoG1651	R01797
R_NanoG1664	R01797
R_NanoG1505	R00187
R_NanoG0156	R04035
R_NanoG0157	R04035
R_NanoG1478	R00122
R_NanoG1476	R00335
R_NanoG0623	R00531
R_NanoG0238	R01364
R_NanoG0217	R02668
R_NanoG0218	R00987
R_NanoG0028	R00261
R_NanoG0029	R00261
R_NanoG0052	R00670
R_NanoG0062	R00566
R_NanoG0063	R00566
R_NanoG0170	R00451
R_NanoG1449	R04209
R_NanoG1563	R00965
R_NanoG0571	R01384
R_NanoG1256	R03269
R_NanoG1257	R03269
R_NanoG1299	R04972
R_NanoG1300	R04972
R_NanoG1301	R03197
R_NanoG1302	R03197
R_NanoG0198	R03508
R_NanoG0446	R00341
R_NanoG0091	R00178
R_NanoG0240	R04380
R_NanoG1290	R06530
R_NanoG1502	R06604
R_NanoG0112	R06171
R_NanoG0376	R02568
R_NanoG0377	R02568
R_NanoG0378	R02568
R_NanoG0414	R01070
R_NanoG0415	R01070
R_NanoG0590	R01829
R_NanoG0338	R03277
R_NanoG0339	R02754
R_NanoG1094	R02464
R_NanoG0521	R01066
R_NanoG0139	R00751
R_NanoG0140	R00751
R_NanoG0141	R00751
R_NanoG0465	R00479
R_NanoG0208	R00986
R_NanoG0209	R00986
R_NanoG0531	R00409
R_NanoG1218	R01355
R_NanoG1348	R07263
R_NanoG1205	R05553
R_NanoG0264	R01360
R_NanoG1592	R00362
R_NanoG1335	R07281
R_NanoG1336	R07281
R_NanoG1580	R00132
R_NanoG1581	R00132
R_NanoG1591	R00132
R_NanoG0210	R03084
R_NanoG0603	R03546
R_NanoG0604	R07316
R_NanoG0095	R07392
R_NanoG0405	R00658
R_NanoG0406	R00658
R_NanoG0407	R00658
R_NanoG0808	R03026
R_NanoG0633	R04744
R_NanoG0841	R02685
R_NanoG0842	R02685
R_NanoG0843	R02685
R_NanoG0844	R04744
R_NanoG0845	R04744
R_NanoG0875	R04749
R_NanoG0876	R04746
R_NanoG0877	R04170
R_NanoG0878	R04740
R_NanoG0879	R04738
R_NanoG1177	R04204
R_NanoG1178	R04204
R_NanoG1179	R04204
R_NanoG1186	R04224
R_NanoG1187	R04224
R_NanoG1188	R04224
R_NanoG0158	R03457
R_NanoG0575	R01082
R_NanoG0135	R02722
R_NanoG0114	R01289
R_NanoG1278	R00036
R_NanoG0576	R01325
R_NanoG0577	R01900
R_NanoG0266	R03968
R_NanoG0267	R03968
R_NanoG0175	R04371
R_NanoG0300	R06513
R_NanoG0374	R00888
R_NanoG0196	R01373
R_NanoG0457	R03027
R_NanoG0677	R04965
R_NanoG0678	R04965
R_NanoG0679	R04568
R_NanoG0680	R04568
R_NanoG0681	R04544
R_NanoG0682	R04544
R_NanoG0683	R10208
R_NanoG0684	R10208
R_NanoG0742	R04537
R_NanoG0743	R04537
R_NanoG0744	R04954
R_NanoG0745	R04954
R_NanoG0746	R07764
R_NanoG0833	R04738
R_NanoG1303	R03165
R_NanoG1304	R03165
R_NanoG0322	R00293
R_NanoG0273	R04441
R_NanoG0274	R04441
R_NanoG0275	R05070
R_NanoG0276	R05070
R_NanoG0124	R01466
R_NanoG1204	R04286
R_NanoG0202	R03083
R_NanoG0050	R00671
R_NanoG0126	R00220
R_NanoG0110	R00221
R_NanoG0131	R00996
R_NanoG0023	R01086
R_NanoG1464	R04559
R_NanoG1525	R01083
R_NanoG0082	R00782
R_NanoG0083	R00179
R_NanoG1390	R03599
R_NanoG1391	R03599
R_NanoG0538	R02530
R_NanoG0089	R01286
R_NanoG1392	R04941
R_NanoG1393	R04941
R_NanoG1435	R05637
R_NanoG1508	R00434
R_NanoG1277	R00310
R_NanoG1258	R02864
R_NanoG0125	R00589
R_NanoG0513	R01529
R_NanoG0514	R01529
R_NanoG0302	R06514
R_NanoG0337	R00889
R_NanoG0382	R00291
R_NanoG0383	R10619
R_NanoG0558	R01385
R_NanoG0313	R02087
R_NanoG0400	R01015
R_NanoG0401	R01015
R_NanoG0402	R01015
R_NanoG0498	R01482
R_NanoG0636	R01530
R_NanoG0093	R04420
R_NanoG0199	R03509
R_NanoG0505	R01432
R_NanoG0512	R01056
R_NanoG0357	R00772
R_NanoG0403	R03321
R_NanoG0404	R03321
R_NanoG0096	R07393
R_NanoG1426	R01123
R_NanoG1427	R01123
R_NanoG1118	R03353
R_NanoG1119	R04804
R_NanoG1120	R07484
R_NanoG0653	R02265
R_NanoG0408	R01518
R_NanoG0409	R01518
R_NanoG0410	R01518
R_NanoG0416	R00959
R_NanoG0417	R00959
R_NanoG0314	R08193
R_NanoG1285	R02272
R_NanoG1343	R01717
R_NanoG0560	R01557
R_NanoG1492	R07405
R_NanoG0253	R00833
R_NanoG1213	R03908
R_NanoG0206	R01715
R_NanoG1408	R05341
R_NanoG1409	R03824
R_NanoG0301	R07324
R_NanoG1103	R03775
R_NanoG1267	R05578
R_NanoG1268	R05578
R_NanoG0799	R00235
R_NanoG0800	R00235
R_NanoG1359	R04030
R_NanoG1360	R04030
R_NanoG1361	R04030
R_NanoG1362	R04030
R_NanoG0666	R08179
R_NanoG0667	R08179
R_NanoG0583	R00432
R_NanoG0533	R00405
R_NanoG0017	R00483
R_NanoG0008	R00253
R_NanoG0009	R00253
R_NanoG0010	R00253
R_NanoG1373	R02473
R_NanoG1381	R00894
R_NanoG1380	R00497
R_NanoG1252	R04231
R_NanoG1253	R04231
R_NanoG1460	R04591
R_NanoG1470	R04208
R_NanoG1471	R04208
R_NanoG1235	R02301
R_NanoG1191	R03182
R_NanoG1510	R04144
R_NanoG1511	R04144
R_NanoG0015	R00149
R_NanoG1559	R00573
R_NanoG1215	R01724
R_NanoG1236	R00943
R_NanoG1528	R01135
R_NanoG1529	R01135
R_NanoG0011	R01954
R_NanoG1219	R00257
R_NanoG1530	R01231
R_NanoG1531	R01231
R_NanoG1520	R04463
R_NanoG1521	R04463
R_NanoG0016	R00578
R_NanoG1558	R00575
R_NanoG0580	R00344
R_NanoG0269	R01859
R_NanoG0268	R04138
R_NanoG1309	R03877
R_NanoG1310	R03877
R_NanoG1341	R07463
R_NanoG1342	R07463
R_NanoG1406	R07178
R_NanoG1407	R07179
R_NanoG1412	R04218
